{
  "project_info": {
    "project_number": "354481312268",
    "project_id": "fitnesstracker-362e3",
    "storage_bucket": "fitnesstracker-362e3.appspot.com"
  },
  "client": [
    {
      "client_info": {
        "mobilesdk_app_id": "1:354481312268:android:7de4ec3f3a04fb3f819429",
        "android_client_info": {
          "package_name": "com.example.fitnesstracker"
        }
      },
      "oauth_client": [],
      "api_key": [
        {
          "current_key": "AIzaSyC9yJ-v2q5esRATT13CwJ_IHTPyhHSnrXU"
        }
      ],
      "services": {
        "appinvite_service": {
          "other_platform_oauth_client": []
        }
      }
    }
  ],
  "configuration_version": "1"
}